id,name,avatar,custom data
09dd554b7e8ba4c8971d4e08d7808209,mariano vicente,https://randomuser.me/api/portraits/med/men/77.jpg,{custom: data}
9e381f13146ea1212cbe1b984256460f,elsa pakkala,https://randomuser.me/api/portraits/med/women/67.jpg,{custom: data}
0abe8f3298b4e7e068957800ec2f5d9e,ella lepisto,https://randomuser.me/api/portraits/med/women/44.jpg,{custom: data}
d5e7a6491862d2442f35cc14145c3f3e,sam barnes,https://randomuser.me/api/portraits/med/men/5.jpg,{custom: data}
d915fb91043f4a44b270c332bff7b962,richard wolf,https://randomuser.me/api/portraits/med/men/71.jpg,{custom: data}
11833c637fa2a34f65986db35e0a97fc,melodie gill,https://randomuser.me/api/portraits/med/women/8.jpg,{custom: data}
fb939368b12b8a1f2a6bd687f968b5df,vanessa crawford,https://randomuser.me/api/portraits/med/women/36.jpg,{custom: data}
90db9d8c791086c4023a236f566eb768,jasper singh,https://randomuser.me/api/portraits/med/men/99.jpg,{custom: data}
1d42fd129623e281f292d0661a8bdaef,matilda lassila,https://randomuser.me/api/portraits/med/women/13.jpg,{custom: data}
d403f1a3b1c0659b0e7b775fac347521,taciana mendes,https://randomuser.me/api/portraits/med/women/34.jpg,{custom: data}
3725b26d368fd8d72a2b390a62458f14,lauren fisher,https://randomuser.me/api/portraits/med/women/55.jpg,{custom: data}
92738b81b28b45e007091720f2a89301,viljami lampo,https://randomuser.me/api/portraits/med/men/71.jpg,{custom: data}
0407ce7821edf3661b1349c3523f1bd5,mikkel mortensen,https://randomuser.me/api/portraits/med/men/65.jpg,{custom: data}
f3b477753d63966dee8d2df8f48491e0,justin marchand,https://randomuser.me/api/portraits/med/men/84.jpg,{custom: data}
0063736653338374f35e51eafd962815,mathéo laurent,https://randomuser.me/api/portraits/med/men/83.jpg,{custom: data}
e07800f3df0458323cc87fe556439f0d,fabien joris,https://randomuser.me/api/portraits/med/men/98.jpg,{custom: data}
49447bf70dd8777b5ab029de175a4c21,elis moreira,https://randomuser.me/api/portraits/med/women/50.jpg,{custom: data}
92fa80a85d3ad312bef983a81095aee2,محمدطاها سالاری,https://randomuser.me/api/portraits/med/men/96.jpg,{custom: data}
685ac2e1ed04cffadb59f5c91753c646,tracy hanson,https://randomuser.me/api/portraits/med/men/97.jpg,{custom: data}
9a00b403ccd1cb37fc117b72ad826b82,aaron johnston,https://randomuser.me/api/portraits/med/men/31.jpg,{custom: data}
7f3f8aa152c64279e46b0ccbbc96c5c7,maren bruns,https://randomuser.me/api/portraits/med/women/13.jpg,{custom: data}
0815c1ef914654e319eec4aa73792f81,albert petersen,https://randomuser.me/api/portraits/med/men/4.jpg,{custom: data}
cd376680fcc03727a95b56728f045591,eileen young,https://randomuser.me/api/portraits/med/women/57.jpg,{custom: data}
c9917d0f6d6665cfa4e17a584cb40db9,maurice howell,https://randomuser.me/api/portraits/med/men/45.jpg,{custom: data}
03072b83a5d0d9f5ee74146da3610dbb,eva jones,https://randomuser.me/api/portraits/med/women/55.jpg,{custom: data}
a76d35725830f3a26cc19e120eb0b798,rosalyn wilson,https://randomuser.me/api/portraits/med/women/62.jpg,{custom: data}
aa742f31b0b0df240ab79d0121054cd1,grace schmidt,https://randomuser.me/api/portraits/med/women/70.jpg,{custom: data}
30f894383d4067a4226309766ed79fb8,carole reed,https://randomuser.me/api/portraits/med/women/33.jpg,{custom: data}
e61eedf3dc0f1d733adacc06c8e50e0d,annabell schumacher,https://randomuser.me/api/portraits/med/women/64.jpg,{custom: data}
f3f47f0202d3aa990a0ac54e4d380452,glen gomez,https://randomuser.me/api/portraits/med/men/34.jpg,{custom: data}
f056ad83220990776c7efff3abff6bff,albert olson,https://randomuser.me/api/portraits/med/men/20.jpg,{custom: data}
40598912c3012c3a45efde9a3f039ab9,morgana campos,https://randomuser.me/api/portraits/med/women/75.jpg,{custom: data}
1f5e431482a68fdd5b0c4a04d7315231,ستایش یاسمی,https://randomuser.me/api/portraits/med/women/82.jpg,{custom: data}
b83f35b246a792aa8dd418f013baeb34,آرمین نجاتی,https://randomuser.me/api/portraits/med/men/31.jpg,{custom: data}
b71cd4b1c5398e402fabd7861182ecba,emma tolonen,https://randomuser.me/api/portraits/med/women/5.jpg,{custom: data}
198b022fcfed138ee337e278ce7c8de0,یلدا احمدی,https://randomuser.me/api/portraits/med/women/69.jpg,{custom: data}
64fd9ee35c1d230347f2f1fddd62f13d,آیناز سهيلي راد,https://randomuser.me/api/portraits/med/women/29.jpg,{custom: data}
baed53d51c15e97327d4effd0cf172b9,yasemin abanuz,https://randomuser.me/api/portraits/med/women/60.jpg,{custom: data}
7cf5e0b521a48898b4e6ab0ed116a2dd,melike küçükler,https://randomuser.me/api/portraits/med/women/34.jpg,{custom: data}
405ab9be12f2743abf17b86bf5fa6f90,jeanne brunet,https://randomuser.me/api/portraits/med/women/11.jpg,{custom: data}
805c7f1bf65a891c847ed0f6373ae5bc,pierre lambert,https://randomuser.me/api/portraits/med/men/9.jpg,{custom: data}
eb277a5b9a518b3bc5ea6a5a40f14c05,vildan sepetçi,https://randomuser.me/api/portraits/med/women/96.jpg,{custom: data}
223ed692009d3530e56e25d2ee7eeb32,evelyn douglas,https://randomuser.me/api/portraits/med/women/5.jpg,{custom: data}
8eb2fb204ae62f01a98292f034e3ed39,yolanda cole,https://randomuser.me/api/portraits/med/women/50.jpg,{custom: data}
8d3d53d66bccf534cf68a7edea686877,mason edwards,https://randomuser.me/api/portraits/med/men/33.jpg,{custom: data}
2a7e9894638b22becce3fe6a73c43211,christopher pompe,https://randomuser.me/api/portraits/med/men/96.jpg,{custom: data}
59a6d76af5b3992d9808f777e6d05f47,johannes gärtner,https://randomuser.me/api/portraits/med/men/21.jpg,{custom: data}
72273864ec5b8a5e53cc5241662e8f6a,sadie anderson,https://randomuser.me/api/portraits/med/women/9.jpg,{custom: data}
1c530092ea839b173157c00dd86b6c07,lorraine mckinney,https://randomuser.me/api/portraits/med/women/9.jpg,{custom: data}
d68a0b2da0060467061084689280fae3,valtteri kokko,https://randomuser.me/api/portraits/med/men/47.jpg,{custom: data}
3cca9f3f9dab70dc4e6cf7665d3b2b6a,bob perkins,https://randomuser.me/api/portraits/med/men/56.jpg,{custom: data}
ee9883202ca4709fa579497c75085772,sylvia brooks,https://randomuser.me/api/portraits/med/women/27.jpg,{custom: data}
b3a626dcc41dd1995a64435c476fcd5e,ninon roux,https://randomuser.me/api/portraits/med/women/89.jpg,{custom: data}
3fd073a5c4792c5d5f29407215f0eea0,سینا علیزاده,https://randomuser.me/api/portraits/med/men/18.jpg,{custom: data}
8ae24a4d94de65b13891ab6a0f0b7d56,sara rasmussen,https://randomuser.me/api/portraits/med/women/69.jpg,{custom: data}
314bb05c1f192c0cd5a2cbdba4209e15,remedios ortega,https://randomuser.me/api/portraits/med/women/13.jpg,{custom: data}
e2c432e666c80c345ca23ba4b58c75fe,veronika kuhn,https://randomuser.me/api/portraits/med/women/11.jpg,{custom: data}
7ee6cbb8f615609aecf1c74c03f8276a,lea morin,https://randomuser.me/api/portraits/med/women/90.jpg,{custom: data}
c938c0c1f8cae0de9f5680a2b8733143,gaël clement,https://randomuser.me/api/portraits/med/men/44.jpg,{custom: data}
d5a89bf6010fdc91ab174560f996a10a,alexia laurent,https://randomuser.me/api/portraits/med/women/21.jpg,{custom: data}
09476080bc7996001891e20a5d48b200,ayşe akal,https://randomuser.me/api/portraits/med/women/72.jpg,{custom: data}
fccf1ab0548de3bceac96032bc7e4954,maria larsen,https://randomuser.me/api/portraits/med/women/19.jpg,{custom: data}
6910e0368cf859d5dd55040970df1657,axel leclercq,https://randomuser.me/api/portraits/med/men/63.jpg,{custom: data}
6fa4494796da75deb655b867a33aea7b,volkan avan,https://randomuser.me/api/portraits/med/men/29.jpg,{custom: data}
f7695d0c404feb4166974cae81346fd2,laurie bergeron,https://randomuser.me/api/portraits/med/women/7.jpg,{custom: data}
869fd684ce4b968b3030cfbc4226667d,valentina vidal,https://randomuser.me/api/portraits/med/women/34.jpg,{custom: data}
7d169500c38d0d62e8a87395ae9b9764,julio caldwell,https://randomuser.me/api/portraits/med/men/37.jpg,{custom: data}
1596fa88526a91d5153e31620ebe401f,théo bertrand,https://randomuser.me/api/portraits/med/men/30.jpg,{custom: data}
1bb4f9c05bbfaa0a1fe4ffd1476ca8d5,emil wirta,https://randomuser.me/api/portraits/med/men/36.jpg,{custom: data}
9a35008ff44e59f824a1fcab3a5a22a7,isla turner,https://randomuser.me/api/portraits/med/women/94.jpg,{custom: data}
48decb993940f0a04823b3daad32b399,lenny renard,https://randomuser.me/api/portraits/med/men/47.jpg,{custom: data}
176d51ada20ebd2ea2fad3a178b81a36,susan morgan,https://randomuser.me/api/portraits/med/women/18.jpg,{custom: data}
26264499db5a3d40058a93b6ab13691d,joey jackson,https://randomuser.me/api/portraits/med/men/60.jpg,{custom: data}
5e67e6a7b2fb3e8a70824601484e4652,abdelghafour plas,https://randomuser.me/api/portraits/med/men/0.jpg,{custom: data}
adb4ef6535f71759d150a419660d8611,gavin hunt,https://randomuser.me/api/portraits/med/men/86.jpg,{custom: data}
58a8f857f12bb3a75f12bf27c07d5afb,lachlan davies,https://randomuser.me/api/portraits/med/men/92.jpg,{custom: data}
abf6030b4d75c5b7d651f4b6177db714,beatrice barnaby,https://randomuser.me/api/portraits/med/women/5.jpg,{custom: data}
561298f37b6985ebee14ae9c1e32c36d,coşkun avan,https://randomuser.me/api/portraits/med/men/95.jpg,{custom: data}
c2e4685802184cf94206804153a4a182,oliver petersen,https://randomuser.me/api/portraits/med/men/21.jpg,{custom: data}
64528c0ba74e2a63eeb3f7f22dbcf53a,marius larsen,https://randomuser.me/api/portraits/med/men/54.jpg,{custom: data}
8e833c06bfa3da411086146326581452,adamastor castro,https://randomuser.me/api/portraits/med/men/20.jpg,{custom: data}
465c7030b650dbd9f20d116dad957a3c,sandra martin,https://randomuser.me/api/portraits/med/women/24.jpg,{custom: data}
a5868c4dad86cea89e80690535368ade,georgia schellevis,https://randomuser.me/api/portraits/med/women/73.jpg,{custom: data}
3a6946586e82bc31bdfdfe07c9bc6bb1,rayvano rietdijk,https://randomuser.me/api/portraits/med/men/88.jpg,{custom: data}
406280f82038f11f5a2df2ae25eb71cd,matthias albert,https://randomuser.me/api/portraits/med/men/96.jpg,{custom: data}
b51288acb0a57224d2986b73ff2dba8c,بهاره سهيلي راد,https://randomuser.me/api/portraits/med/women/19.jpg,{custom: data}
41fdc8df879f4f2e9ba24ac7de70ef71,pia kern,https://randomuser.me/api/portraits/med/women/38.jpg,{custom: data}
1bebe9c25871208df672afc8f8f01ac7,willie hanson,https://randomuser.me/api/portraits/med/women/58.jpg,{custom: data}
8ea2a425dd227a5821999bc7ab6e33ea,nelci das neves,https://randomuser.me/api/portraits/med/women/32.jpg,{custom: data}
2e6152bf23ab1c0cb158b892a04d051f,naja sørensen,https://randomuser.me/api/portraits/med/women/75.jpg,{custom: data}
6d7006cee37ffc7e09d295112576f6c2,aiden fuller,https://randomuser.me/api/portraits/med/men/62.jpg,{custom: data}
dc739d82357bd962fbafd7124df94015,hector fletcher,https://randomuser.me/api/portraits/med/men/87.jpg,{custom: data}
2470d19e371186b7e3bd27b5d4419ce4,lloyd simmons,https://randomuser.me/api/portraits/med/men/20.jpg,{custom: data}
6b45cc8848806018a8f70e98d5df6031,مهراد رضاییان,https://randomuser.me/api/portraits/med/men/65.jpg,{custom: data}
7fc3db42d5cff9179290d97ad1ea4aa8,soledad jimenez,https://randomuser.me/api/portraits/med/women/91.jpg,{custom: data}
d19ff747d97c7d25bf4b921d7e27df44,desiree overes,https://randomuser.me/api/portraits/med/women/17.jpg,{custom: data}
2aa2727982c9c9a5816f4aec98856c31,creusa martins,https://randomuser.me/api/portraits/med/women/19.jpg,{custom: data}
d035ccbc1a74eb3547e7415c651a6158,lydia mason,https://randomuser.me/api/portraits/med/women/60.jpg,{custom: data}
b123b56a50bc7bd0909a343f93c36ce6,danne heuvelman,https://randomuser.me/api/portraits/med/women/86.jpg,{custom: data}
76eb6ac89a50ce4658da92cad135f5d3,julia scott,https://randomuser.me/api/portraits/med/women/91.jpg,{custom: data}
